index,sales,star_rating,neg,pos,neu,helpness,vine_Y,veri_y,two_sides,rate_exp_num,rate_exp_txt
423960,72,4.097222222222222,0.031652777777777766,0.19061111111111112,0.7776666666666663,0.07076880872144237,0.0,68.0,71.0,1.7469374360598136,1.758931997605432
4120409,1,5.0,0.01,0.185,0.805,0.29615568144173743,0.0,0.0,1.0,1.8784638645626994,1.9127043811583178
11468070,1,1.0,0.055,0.17800000000000002,0.767,0.04524735496749745,0.0,0.0,1.0,0.0327339091198571,3.20026606679541e-05
12536427,1,5.0,0.013000000000000001,0.213,0.774,0.05547797493206901,0.0,1.0,1.0,1.8641774237976394,1.9116108837201953
14552349,1,5.0,0.043,0.10099999999999999,0.856,0.2754385097788284,0.0,1.0,1.0,1.9030470638530894,1.9126102348780747
16483457,76,4.407894736842105,0.02285526315789474,0.27488157894736853,0.7022894736842107,0.15896780943203737,0.0,60.0,68.0,1.9545452185192929,1.9152530556180731
16983648,1,5.0,0.0,0.046,0.9540000000000001,0.016108874612878646,0.0,1.0,1.0,1.931336608896152,1.9114320613736189
21033180,1,5.0,0.036000000000000004,0.14300000000000002,0.821,0.4612203747183621,0.0,1.0,1.0,1.9028358248159951,1.9134546269743362
21750700,1,5.0,0.051,0.25,0.6990000000000001,0.038445605089533263,0.0,0.0,1.0,1.8606175036292592,1.911533517639097
26711891,71,4.169014084507042,0.04543661971830985,0.1833239436619718,0.7712957746478876,0.11503201693169049,0.0,63.0,69.0,1.7160001864630625,1.789679047044725
30965255,1,1.0,0.086,0.12,0.794,0.21959540069750444,0.0,1.0,1.0,0.011953087014466013,0.00019041651328918774
44138644,1,3.0,0.0,0.122,0.878,0.034518340624778716,0.0,1.0,1.0,0.942704548348523,0.9557689675556313
44703144,1,2.0,0.043,0.036000000000000004,0.92,0.20691883958541166,0.0,0.0,1.0,0.5144180289652565,0.4782088933631954
45575190,1,4.0,0.07400000000000001,0.14300000000000002,0.7829999999999999,0.2548822027646133,0.0,1.0,1.0,1.4237633241621412,1.4344432386513066
46450049,1,5.0,0.138,0.237,0.625,0.3345771305349784,0.0,0.0,1.0,1.809422881252683,1.9128789918584852
46677591,1,5.0,0.07400000000000001,0.282,0.644,0.2650097186733421,0.0,1.0,1.0,2.0353151114013452,1.9125628441029254
47684938,555,4.140540540540541,0.0365945945945946,0.22575495495495496,0.7376540540540543,0.11956188843690722,0.0,510.0,509.0,4.658493818486248,4.720217695533922
50000317,1,5.0,0.0,0.153,0.847,0.05086350338056009,0.0,1.0,1.0,1.8097784067539278,1.911589923172874
54378879,1,5.0,0.037000000000000005,0.249,0.7140000000000001,0.3711120865859429,0.0,1.0,1.0,1.8760735831184252,1.9130450410036972
54987170,22,3.5,0.03790909090909091,0.2895454545454545,0.6724545454545453,0.13911948934115453,0.0,21.0,18.0,1.269438731947847,1.2499841265993716
55445525,1,4.0,0.057999999999999996,0.132,0.81,0.04451520917170208,0.0,0.0,1.0,1.5313600692003635,1.4336786498564584
55520986,1,5.0,0.031,0.21600000000000003,0.753,0.35346953814053683,0.0,1.0,1.0,1.8301012109459391,1.9129648552579983
57056668,53,4.433962264150943,0.0290566037735849,0.273,0.6979433962264151,0.16171485015125805,0.0,52.0,44.0,1.9180262330948215,1.8220564624053204
61225676,1,3.0,0.078,0.19399999999999998,0.727,0.2538536117690795,0.0,0.0,1.0,1.0232511759363194,0.9563668496083735
62808517,1,4.0,0.0,0.0,1.0,0.3170087742902037,0.0,0.0,1.0,1.397615606944872,1.4346690991060673
64142513,1,5.0,0.077,0.10099999999999999,0.8220000000000001,0.02192190777063686,0.0,1.0,1.0,1.887554744820335,1.9114584644935004
66014174,1,4.0,0.040999999999999995,0.212,0.747,0.2559756826311129,0.0,0.0,1.0,1.375194007483881,1.4344472137544984
66259499,30,3.8333333333333335,0.0334,0.23770000000000005,0.7289666666666668,0.19972497393182517,0.0,24.0,27.0,1.425755549371456,1.447417157010225
66279275,1,5.0,0.0,0.401,0.599,0.3708575514536797,0.0,1.0,1.0,1.9044893433468035,1.913043884117164
68100320,1,4.0,0.039,0.106,0.856,0.36597981751331504,0.0,1.0,1.0,1.4738977809429454,1.4348471515860861
68816102,1,5.0,0.0,0.0,1.0,0.11620488224995253,0.0,1.0,1.0,1.9853359070448797,1.9118867437526155
71698270,1,3.0,0.0,0.163,0.8370000000000001,0.3244323374433846,0.0,1.0,1.0,0.9340975369142707,0.9565592919030061
74202592,1,3.0,0.046,0.0,0.9540000000000001,0.335631820145394,0.0,1.0,1.0,0.8844940627701936,0.956589831157755
74735317,94,3.9468085106382977,0.0302340425531915,0.20455319148936169,0.754563829787234,0.16897590296319343,0.0,92.0,83.0,1.7550541724076152,1.7269459581939826
77898021,1,5.0,0.0,0.515,0.485,0.3180169472522908,0.0,1.0,0.0,1.9278937742133757,1.908263409518398
80193353,1,1.0,0.251,0.10400000000000001,0.645,0.2535087233322825,0.0,1.0,1.0,0.027351604204247648,0.00022123649536243128
84440271,1,4.0,0.0,0.106,0.894,0.04079593313489583,0.0,1.0,1.0,1.417891725486865,1.4336651347222231
91277457,1,5.0,0.011000000000000001,0.177,0.812,0.3619416224138519,0.0,0.0,1.0,1.9114779907895345,1.913003360719706
98133587,1,4.0,0.08199999999999999,0.124,0.794,0.3613181360220574,0.0,1.0,1.0,1.5238531044320422,1.4348302015916867
99665579,1,5.0,0.078,0.254,0.6679999999999999,0.3704768593239834,0.0,1.0,1.0,1.934185820387789,1.913042153836049
107341965,34,4.235294117647059,0.04132352941176471,0.19479411764705884,0.7639117647058824,0.09295391225519466,0.0,34.0,33.0,1.6505253056812685,1.6732640384992234
108191918,49,4.1020408163265305,0.03826530612244899,0.21373469387755095,0.7479591836734695,0.1613942640858376,0.0,38.0,47.0,1.5920333202521704,1.6620558266021495
109106777,207,4.454106280193237,0.023082125603864728,0.30458937198067637,0.6723285024154592,0.07321612497511212,0.0,187.0,168.0,2.508754720187394,2.4461639614354955
110935305,1,5.0,0.073,0.128,0.799,0.02633395425728531,0.0,1.0,1.0,2.0255469165006907,1.9114785044487757
112413045,1,2.0,0.067,0.086,0.848,0.2953986703283701,0.0,1.0,1.0,0.4894658066690474,0.4783697164444705
115264052,1,5.0,0.106,0.152,0.742,0.35605132332991685,0.0,1.0,1.0,1.9056744835347696,1.9129765893568282
115819190,2,3.5,0.1305,0.0915,0.778,0.17484605288686234,0.0,2.0,2.0,1.1802234560058342,1.1983352873203694
116499320,1,5.0,0.107,0.21899999999999997,0.675,0.3592558034367821,0.0,0.0,1.0,1.9814262470235569,1.9129911536564583
120006468,1,4.0,0.047,0.091,0.862,0.3710623980291801,0.0,1.0,1.0,1.550303979630231,1.434865632151384
121009604,31,4.290322580645161,0.04316129032258065,0.23035483870967746,0.7264838709677419,0.11106781866576067,0.0,30.0,30.0,1.7147026187067416,1.6888958817179942
122140779,47,4.297872340425532,0.041723404255319146,0.20725531914893616,0.751063829787234,0.16827918695103644,0.0,42.0,42.0,1.7434150137167297,1.743034206455011
123368118,1,5.0,0.032,0.155,0.812,0.26219944987886845,0.0,1.0,1.0,1.9096711024450994,1.9125500737694037
123890676,1,5.0,0.05,0.11,0.8390000000000001,0.3721344279400321,0.0,1.0,1.0,1.7445683504285152,1.9130496876486227
127343313,260,3.9115384615384614,0.04686538461538459,0.23481538461538462,0.718307692307692,0.10830590872796592,0.0,237.0,234.0,2.4828212580165583,2.4334346510655283
127431946,23,4.608695652173913,0.02439130434782609,0.20339130434782612,0.7721304347826086,0.1999446616060272,17.0,5.0,23.0,1.8189733755908772,1.8193049458216262
136242296,1,4.0,0.0,0.316,0.684,0.05097242427164291,0.0,1.0,1.0,1.4606143646070295,1.4337021143619562
136395942,1,5.0,0.0,0.092,0.9079999999999999,0.04227323696487748,0.0,1.0,1.0,1.8573594363931663,1.9115509036613643
138665286,1,4.0,0.107,0.26899999999999996,0.623,0.3657307515687155,0.0,1.0,1.0,1.4146617218412347,1.4348462459720757
139712224,1,1.0,0.054000000000000006,0.063,0.884,0.2094814410405209,0.0,0.0,1.0,0.017175611700425072,0.00018122546426156683
142769920,1,5.0,0.0,0.214,0.7859999999999999,0.3158786301277269,0.0,0.0,1.0,1.9757968663082441,1.912794012776947
145299155,1,5.0,0.048,0.077,0.875,0.3623219137970624,0.0,1.0,1.0,1.8804745619736773,1.913005089151345
146044045,1,2.0,0.0,0.109,0.8909999999999999,0.05198543524567866,0.0,1.0,1.0,0.555339195396696,0.4779273478050777
146876385,1,5.0,0.091,0.081,0.828,0.25807805179404275,0.0,0.0,1.0,1.9332363655777118,1.9125313455675121
148315930,1,2.0,0.15,0.09300000000000001,0.757,0.02367672453450596,0.0,1.0,1.0,0.45927392004521733,0.47787591407003843
148473228,1,3.0,0.012,0.08199999999999999,0.9059999999999999,0.04787300085787199,0.0,1.0,1.0,0.9600073109876722,0.9558053636559133
150444163,1,1.0,0.10300000000000001,0.124,0.773,0.3394457915749066,0.0,0.0,1.0,0.013836570942950474,0.00029934387137366125
151198156,1,2.0,0.037000000000000005,0.147,0.815,0.05227769164277528,0.0,1.0,1.0,0.4346372136048981,0.47792787881642934
153323910,1,5.0,0.0,0.179,0.821,0.3681786794169397,0.0,1.0,1.0,2.022783980780544,1.9130317084213542
153523919,44,3.727272727272727,0.04322727272727273,0.1925909090909091,0.7641590909090911,0.2021381278720361,0.0,43.0,41.0,1.491920856491865,1.4446480222774243
156735178,1,1.0,0.0,0.068,0.932,0.1854071729865947,0.0,1.0,1.0,0.03140731438262524,0.00015934871219584756
157091897,1,5.0,0.037000000000000005,0.18,0.782,0.049973180943123634,0.0,1.0,1.0,1.9187821734695842,1.911585879037434
159558982,1,4.0,0.064,0.063,0.872,0.021647833241596786,0.0,1.0,1.0,1.3597735575476388,1.4335955557200126
165310865,1,5.0,0.0,0.27899999999999997,0.721,0.05244559840908935,0.0,1.0,1.0,1.8731644889376593,1.91159710958236
166304279,1,2.0,0.055,0.195,0.75,0.04271262843606775,0.0,1.0,1.0,0.5187117641905111,0.4779104998559466
167308884,1,1.0,0.069,0.057999999999999996,0.873,0.1999136928323592,0.0,1.0,1.0,0.00919931708549808,0.00017253094690417026
168649310,29,4.310344827586207,0.06713793103448275,0.2583793103448276,0.6745172413793104,0.09948111832835826,0.0,29.0,26.0,1.5352014535525997,1.6824700860247919
169305956,1,5.0,0.033,0.183,0.784,0.32280633562801503,0.0,1.0,1.0,1.8910877932602097,1.9128254967703795
170405160,1,4.0,0.035,0.15,0.815,0.03948622048337075,0.0,1.0,1.0,1.4282658987780619,1.4336603755009367
172939460,1,5.0,0.0,0.27899999999999997,0.721,0.054067710979815116,0.0,1.0,1.0,1.9166652568846911,1.9116044777874674
176030192,1,3.0,0.017,0.177,0.8059999999999999,0.3157651357173759,0.0,1.0,1.0,0.9966532748672676,0.956535658232564
176210327,25,3.96,0.06744,0.12308,0.8094399999999999,0.23138543207697615,0.0,24.0,24.0,1.5370736845350366,1.4998434021236318
179801564,37,4.45945945945946,0.020459459459459463,0.21467567567567566,0.7649189189189192,0.19491591479480658,0.0,36.0,35.0,1.8122715268114107,1.7961866494369103
179825588,1,5.0,0.102,0.258,0.64,0.04160518656200614,0.0,1.0,1.0,1.9930353086213637,1.911547869207049
183434522,1,5.0,0.0,0.171,0.8290000000000001,0.32037621995921434,0.0,0.0,1.0,1.797998527355169,1.912814452699174
184449004,1,5.0,0.0,0.465,0.535,0.04409651525463238,0.0,0.0,1.0,1.9385062753498437,1.9115591854732636
187812876,49,3.9591836734693877,0.0523469387755102,0.21908163265306124,0.728530612244898,0.13296474771271466,0.0,41.0,42.0,1.6001511509169473,1.567882667293246
190867408,1,5.0,0.046,0.092,0.861,0.3739417274655357,0.0,1.0,1.0,1.8211391620786648,1.9130579020299758
191078035,1,3.0,0.023,0.111,0.866,0.35969438139260645,0.0,0.0,1.0,0.9006503966336519,0.9566554482346881
192639713,1,5.0,0.0,0.29,0.71,0.3695462478386064,0.0,1.0,1.0,1.8549770454873324,1.9130379241256206
194533684,67,3.417910447761194,0.056955223880597025,0.17350746268656714,0.769537313432836,0.21129996930311526,0.0,39.0,65.0,1.2469330888271548,1.36740856087776
195242894,1,3.0,0.0,0.19399999999999998,0.8059999999999999,0.3669535443112232,0.0,1.0,1.0,0.9977321212500976,0.9566752441004647
195677102,140,4.4,0.03545714285714286,0.3014642857142857,0.6630999999999998,0.13272015420317151,0.0,134.0,115.0,2.1619312815080907,2.1340957142715626
196041133,40,3.8,0.063925,0.18432499999999996,0.7516999999999999,0.1139703983168199,0.0,34.0,38.0,1.4078747984738325,1.4706874453140335
197856712,326,3.98159509202454,0.04059202453987731,0.22205521472392642,0.7373926380368095,0.10783724098057743,0.0,298.0,300.0,2.7628422679823443,2.8817148077958037
199558933,131,3.427480916030534,0.05270229007633587,0.16128244274809167,0.7860229007633586,0.18633228249804507,0.0,82.0,126.0,1.4951172226068228,1.5999907944682188
203997001,1,5.0,0.048,0.162,0.79,0.3627701036573465,0.0,1.0,1.0,1.9079933180559618,1.9130071261844699
205419286,1,5.0,0.023,0.223,0.754,0.05361609473707835,0.0,1.0,1.0,1.894446876426918,1.9116024263855682
208298038,1,5.0,0.111,0.092,0.797,0.3260942511532046,0.0,0.0,1.0,1.8949262348889553,1.912840439339162
210689882,1,4.0,0.023,0.21,0.767,0.05365179423589137,0.0,1.0,1.0,1.510689531562277,1.4337118508561362
214237539,1,5.0,0.027000000000000003,0.223,0.7490000000000001,0.045212002114394564,0.0,0.0,1.0,1.8504476577144375,1.9115642523235656
218297570,72,3.4444444444444446,0.06773611111111112,0.15597222222222215,0.7762916666666669,0.23862727097436906,0.0,36.0,71.0,1.3542480847977891,1.4031632994864265
218800429,27,4.444444444444445,0.03211111111111111,0.30807407407407406,0.6598518518518518,0.09398140358360034,0.0,25.0,20.0,1.7555643678407027,1.7243941635370355
219255540,1,5.0,0.0,0.265,0.735,0.2940617199400777,0.0,1.0,1.0,1.8957700481455966,1.9126948652755904
221722169,68,3.764705882352941,0.0436029411764706,0.1907205882352941,0.7656911764705883,0.09425490380865778,0.0,64.0,63.0,1.7028176297206212,1.546472975171668
222490069,1,5.0,0.0,0.13699999999999998,0.863,0.37442816356854935,0.0,1.0,1.0,1.833688619445798,1.9130601129420626
223051644,79,3.8987341772151898,0.04307594936708861,0.1960506329113924,0.7608227848101266,0.10676466844040439,0.0,73.0,74.0,1.631365096740251,1.6628916364742399
224230965,1,5.0,0.106,0.43200000000000005,0.462,0.05150385218260692,0.0,1.0,1.0,1.8216244398906518,1.9115928318506104
226126422,1,3.0,0.048,0.31,0.6409999999999999,0.055379879205431366,0.0,1.0,1.0,1.0063848141417684,0.9558258229195784
230974968,1,3.0,0.225,0.16399999999999998,0.611,0.3288273702379824,0.0,0.0,1.0,1.036084916098785,0.9565712763992209
231459325,1,4.0,0.06,0.09,0.851,0.03886163604620543,1.0,0.0,1.0,1.533007896589845,1.433658105896165
231569451,1,5.0,0.0,0.18600000000000003,0.8140000000000001,0.04881630298258517,0.0,1.0,1.0,1.9951163756098025,1.9115806241299316
235105995,407,4.152334152334152,0.041390663390663406,0.34855528255528256,0.6100737100737101,0.08223807568641665,0.0,377.0,291.0,3.482728338397684,2.9661785713165365
235815750,1,1.0,0.113,0.0,0.887,0.15925070534036428,0.0,1.0,1.0,0.01868485212533154,0.0001355809599722091
236392593,29,4.448275862068965,0.03213793103448276,0.16968965517241383,0.798241379310345,0.1267757947800722,22.0,5.0,29.0,1.644286382611306,1.7644676040094165
237759213,1,5.0,0.027000000000000003,0.063,0.91,0.022469742242725733,0.0,0.0,1.0,2.0506495310339417,1.9114609528031836
238410319,233,3.96137339055794,0.041931330472103005,0.19870386266094422,0.7593519313304716,0.1399663177633672,0.0,200.0,223.0,2.2986775956340555,2.4096862475566656
241892378,25,3.56,0.03744000000000001,0.15388,0.8086,0.12053489196358648,0.0,21.0,25.0,1.267572739864618,1.303084006933838
242940669,1,2.0,0.138,0.131,0.73,0.3175503691395102,0.0,0.0,1.0,0.5310697778497483,0.47840998414232316
244516305,1,5.0,0.136,0.028999999999999998,0.835,0.3735622796536775,0.0,1.0,1.0,1.8393660310283897,1.9130561773942878
246380448,1,5.0,0.0,0.311,0.6890000000000001,0.3705521104972033,0.0,1.0,1.0,1.9359643621839866,1.9130424958595271
247782192,1,1.0,0.0,0.177,0.823,0.3717890015010781,0.0,1.0,1.0,0.02138352605901457,0.0003287436093267482
250378019,1,4.0,0.051,0.151,0.7979999999999999,0.049395818468101635,0.0,1.0,1.0,1.4726895604521069,1.433696385197511
250865389,1,3.0,0.016,0.11900000000000001,0.865,0.3398324107451265,0.0,1.0,1.0,0.9627524970413712,0.9566012856853991
252135360,1,4.0,0.049,0.22,0.731,0.3633563456726255,0.0,0.0,1.0,1.3526689366777747,1.434837612556181
252448367,23,4.0,0.05434782608695652,0.17721739130434785,0.7684347826086958,0.19621265097844956,0.0,22.0,23.0,1.5162402348909847,1.5158928327380408
253762851,59,4.3559322033898304,0.04652542372881356,0.2962881355932205,0.6571355932203391,0.15117829448611786,0.0,53.0,47.0,1.88585193250456,1.7944589252203968
253917972,116,4.396551724137931,0.020982758620689657,0.27349137931034495,0.7055086206896555,0.09231564764071706,28.0,83.0,93.0,2.094222298012924,2.024956155496778
257345998,1,5.0,0.141,0.29600000000000004,0.563,0.3691143793808191,0.0,1.0,1.0,1.9624536707937437,1.9130359612483263
257969613,1,5.0,0.01,0.11,0.88,0.3614484347344203,0.0,0.0,1.0,1.8301122093680797,1.9130011191740939
258419037,136,4.139705882352941,0.03830147058823529,0.22718382352941158,0.7345588235294119,0.1409801016985602,15.0,101.0,123.0,1.9684881169767543,2.017276234053649
266176173,1,5.0,0.04,0.017,0.9420000000000001,0.3409261911714904,0.0,0.0,1.0,1.859055821436457,1.9129078471236163
270450707,1,5.0,0.0,0.37799999999999995,0.622,0.05399648630691036,0.0,1.0,1.0,1.960420882520045,1.9116041542595064
273505366,1,5.0,0.016,0.138,0.846,0.33176729755230794,0.0,1.0,1.0,1.909297038798139,1.9128662218166628
275855350,1,4.0,0.09,0.095,0.815,0.014031017108747114,0.0,1.0,1.0,1.475651803290231,1.4335678789799093
276205451,29,4.517241379310345,0.05165517241379311,0.3034137931034483,0.6448620689655172,0.1392802421168817,0.0,27.0,24.0,1.8599599834425224,1.7777446962607422
277556278,1,5.0,0.071,0.252,0.6779999999999999,0.3002308053298585,0.0,0.0,1.0,1.9519292120534306,1.912722900423537
280009317,1,5.0,0.0,0.387,0.613,0.05087157441478224,0.0,1.0,1.0,1.9264394250625134,1.91158995983418
280086545,1,5.0,0.037000000000000005,0.047,0.915,0.3255686881670589,0.0,0.0,1.0,1.8333469017711463,1.9128380508101293
286798751,29,4.172413793103448,0.018482758620689658,0.2914827586206896,0.6901034482758621,0.11881097495925294,0.0,17.0,25.0,1.5770135623052322,1.6094449260656756
288322828,1,5.0,0.013999999999999999,0.156,0.83,0.37504431629965534,0.0,1.0,1.0,1.8697234620148038,1.913062913435159
290876515,78,4.576923076923077,0.03967948717948717,0.26147435897435906,0.6988076923076922,0.10483045948813832,0.0,45.0,69.0,1.8689285915060785,2.0114928026049483
292383475,1,5.0,0.027000000000000003,0.132,0.84,0.3594929331473049,0.0,0.0,1.0,1.8764145982499916,1.9129922314098966
294087700,1,3.0,0.136,0.158,0.706,0.0171063256027406,0.0,1.0,1.0,0.924525496429548,0.9557215151381643
294787941,1,5.0,0.02,0.24100000000000002,0.7390000000000001,0.3721044250525135,0.0,1.0,1.0,1.7728207895132575,1.913049551282334
295086568,1,4.0,0.031,0.21600000000000003,0.753,0.05542697192683304,0.0,1.0,1.0,1.3988851324321088,1.4337183016563873
296080943,1,5.0,0.0,0.205,0.795,0.37069425026635255,0.0,1.0,1.0,1.9207685446136027,1.9130431418979355
297404894,1,2.0,0.17,0.069,0.762,0.3604773408409233,0.0,0.0,1.0,0.4556132037318942,0.47848802227697546
303775294,72,4.180555555555555,0.02999999999999999,0.2465000000000001,0.7234583333333334,0.10945104722202247,15.0,52.0,65.0,1.7812551349314312,1.7787080470912264
303962394,1,1.0,0.031,0.141,0.828,0.35831512920714903,0.0,0.0,1.0,0.0505029838159643,0.00031649573967319766
308724735,1,5.0,0.018000000000000002,0.235,0.747,0.05344145342607197,0.0,1.0,1.0,1.9804425823799934,1.9116016331029753
308843377,1,5.0,0.059000000000000004,0.10300000000000001,0.8370000000000001,0.35530026931305964,0.0,0.0,1.0,2.0214246356952827,1.912973175843794
309185157,1,2.0,0.08900000000000001,0.065,0.846,0.34125373329665354,0.0,0.0,1.0,0.5039611264036175,0.4784530743592991
311969364,1,1.0,0.0,0.077,0.9229999999999999,0.2656504501882828,0.0,1.0,1.0,0.04059810544540486,0.000232271220253627
312093599,1,5.0,0.0,0.262,0.738,0.04959529103322865,0.0,1.0,1.0,1.8564952888546802,1.9115841625400498
314290407,1,5.0,0.016,0.121,0.863,0.35654869981199033,0.0,0.0,1.0,1.8576843706411241,1.9129788499174292
314324443,1,5.0,0.05,0.166,0.784,0.3287988370882,0.0,1.0,1.0,1.7213628450815683,1.9128527309236767
316579860,1,4.0,0.0,0.318,0.682,0.03960103735712453,0.0,0.0,1.0,1.5008279229633124,1.4336607927209188
316756803,40,4.4,0.04492499999999999,0.22827499999999995,0.7268999999999999,0.18088801400242685,0.0,39.0,40.0,1.8825706772501236,1.7872339661061065
317585137,1,5.0,0.12300000000000001,0.162,0.715,0.3272813614286248,0.0,1.0,1.0,1.8683278135710866,1.9128458344146317
321231268,1,5.0,0.011000000000000001,0.124,0.865,0.04317638829918765,0.0,0.0,1.0,1.8848347041354199,1.9115550060098467
322099366,1,5.0,0.0,0.33799999999999997,0.662,0.050992586829205065,0.0,1.0,1.0,1.8544301619269445,1.911590509512646
328811288,253,4.138339920948616,0.03960869565217389,0.2240395256916997,0.736324110671937,0.131783050109424,0.0,232.0,237.0,2.5905982143282955,2.619992986844432
333479002,21,4.619047619047619,0.03276190476190476,0.27509523809523806,0.6920952380952381,0.17542990313738652,0.0,16.0,17.0,1.8664388376038745,1.7982476615602976
334287575,1,5.0,0.015,0.10800000000000001,0.8759999999999999,0.3714439928403354,0.0,1.0,1.0,1.787155851446103,1.9130465495502258
335044597,1,1.0,0.0,0.0,1.0,0.010018662142682336,0.0,1.0,1.0,0.029634256529163516,0.0
337102627,1,5.0,0.039,0.091,0.87,0.03949931287105881,0.0,0.0,1.0,1.8832458635195015,1.9115383038200173
340403209,1,5.0,0.035,0.145,0.821,0.3654815383497826,0.0,0.0,1.0,1.9106745210459686,1.9130194497539257
341174535,26,3.923076923076923,0.04196153846153847,0.22934615384615376,0.7287307692307693,0.15869713445206568,0.0,24.0,22.0,1.5080701079443717,1.4736987273348219
341940068,1,5.0,0.0,0.29100000000000004,0.7090000000000001,0.048222288489215816,0.0,1.0,1.0,1.893818183450115,1.9115779259317383
345449343,37,3.945945945945946,0.04789189189189189,0.21062162162162162,0.7415945945945948,0.13375051245937483,0.0,35.0,34.0,1.5267993826230921,1.5302727266709524
346326614,49,2.795918367346939,0.06493877551020408,0.1605714285714286,0.774551020408163,0.17512681827718313,0.0,19.0,48.0,0.905779482626406,0.9835059065605214
346888949,1,4.0,0.0,0.253,0.747,0.040562102569816696,0.0,0.0,1.0,1.4882567258811497,1.433664285030087
346919119,1,5.0,0.015,0.24100000000000002,0.7440000000000001,0.31263062394318264,0.0,0.0,1.0,1.9323723215653632,1.9127792518699884
347460322,1,4.0,0.027999999999999997,0.15,0.8220000000000001,0.3659967099795538,0.0,1.0,1.0,1.4487616554565532,1.4348472130078036
348208528,1,5.0,0.0,0.0,1.0,0.3185586603218105,0.0,0.0,1.0,1.8147648201712132,1.9128061925256898
352710760,1,5.0,0.07200000000000001,0.10400000000000001,0.8240000000000001,0.35450667906234323,0.0,0.0,1.0,1.8761326278726052,1.912969569010428
352847602,21,4.809523809523809,0.029619047619047625,0.25309523809523804,0.7172857142857142,0.13753564105542448,0.0,18.0,18.0,1.9545203715551938,1.8964459401189906
353652711,1,5.0,0.0,0.384,0.616,0.21146526939297852,0.0,1.0,1.0,1.9097357048284511,1.9123195408629965
355585781,1,4.0,0.049,0.124,0.8270000000000001,0.19413092505106774,0.0,1.0,1.0,1.4738909505264464,1.4342224038558098
356631611,1,5.0,0.149,0.21100000000000002,0.64,0.042397084660686674,0.0,1.0,1.0,2.0351916819616043,1.9115514662094244
357308868,196,4.403061224489796,0.02522959183673469,0.25916836734693877,0.715596938775511,0.12569707923107476,0.0,183.0,174.0,2.560143823217294,2.4461036572600277
361502446,1,5.0,0.039,0.188,0.774,0.05288851344375519,0.0,1.0,1.0,1.9136602281484292,1.9115991214557781
362797076,3,4.666666666666667,0.031,0.336,0.6326666666666667,0.04759396775898209,0.0,1.0,2.0,1.7167094668589575,1.756523508193363
368546941,1,5.0,0.153,0.21600000000000003,0.631,0.03514477751257422,0.0,1.0,1.0,1.7334693423447314,1.9115185245899269
375490375,1,4.0,0.0,0.34299999999999997,0.657,0.05258139536323612,0.0,1.0,1.0,1.426768496166574,1.4337079611550227
376749538,26,4.615384615384615,0.02046153846153846,0.32534615384615384,0.6541538461538463,0.12007738813690026,0.0,24.0,21.0,1.7995477304845129,1.8135611994057357
379880182,1,5.0,0.0,0.196,0.804,0.0545378166635362,0.0,1.0,1.0,1.9348025335732615,1.9116066131768672
380013605,35,4.514285714285714,0.03734285714285714,0.3537714285714285,0.6088571428571429,0.13605301251642882,0.0,33.0,24.0,1.7992532667088479,1.7762550140480875
381139523,1,3.0,0.09,0.213,0.696,0.3518384428373339,0.0,1.0,1.0,0.9519330193147607,0.9566340252589702
387378490,2,4.5,0.067,0.152,0.781,0.20022737514031408,0.0,2.0,2.0,1.5652970189567086,1.677349669442276
391944105,59,4.440677966101695,0.035406779661016956,0.1915762711864407,0.7729661016949151,0.20015118104117874,0.0,49.0,55.0,1.7767709405753098,1.8743851549041093
391956807,1,3.0,0.0,0.196,0.804,0.052752973969225486,0.0,1.0,1.0,0.985786108702581,0.9558186635127447
392681682,74,4.054054054054054,0.03901351351351351,0.29340540540540544,0.6675810810810809,0.11488740493218587,0.0,67.0,63.0,1.826905444937172,1.7021441967773803
396337866,54,4.296296296296297,0.036314814814814814,0.21175925925925923,0.7519259259259259,0.16006196296373013,0.0,51.0,51.0,1.7678157921597437,1.7804945313374336
397227135,1,2.0,0.10300000000000001,0.10099999999999999,0.797,0.3287153445635015,0.0,1.0,1.0,0.5039355983037509,0.47843028064862175
399344788,1,4.0,0.044000000000000004,0.11599999999999999,0.84,0.36754746162356977,0.0,0.0,1.0,1.4872213677943338,1.4348528516143422
399628409,1,1.0,0.106,0.0,0.894,0.02597327540708524,0.0,0.0,1.0,0.011640610765849824,1.4493320059164039e-05
402814856,1,3.0,0.036000000000000004,0.141,0.823,0.3096196042022925,0.0,1.0,1.0,0.9810726954302218,0.9565189008723232
404556395,1,5.0,0.027000000000000003,0.159,0.8140000000000001,0.34781258572029944,0.0,1.0,1.0,1.8553535888094694,1.9129391448622448
407404113,49,4.857142857142857,0.019,0.37034693877551017,0.6106734693877552,0.10199924071880095,0.0,46.0,36.0,2.1062661997863676,2.003254274935939
409560721,1,3.0,0.0,0.075,0.925,0.25346915061868514,0.0,1.0,1.0,0.9718737828143218,0.9563658013945536
409998686,1,1.0,0.03,0.038,0.9309999999999999,0.3438363780872455,0.0,1.0,1.0,0.028049898129794762,0.00030333477591473756
411997989,1,4.0,0.027999999999999997,0.166,0.8059999999999999,0.21424818723980266,0.0,1.0,1.0,1.392557852417606,1.4342955285712897
413805570,1,5.0,0.0,0.17600000000000002,0.8240000000000001,0.032868513428967634,0.0,1.0,1.0,1.9575374281914497,1.9115081853772224
415057628,44,4.068181818181818,0.027590909090909086,0.24452272727272736,0.7279318181818184,0.10340514004739797,0.0,33.0,37.0,1.7178939610201653,1.6042002775625486
415490435,1,4.0,0.066,0.159,0.775,0.2585159805405601,0.0,1.0,1.0,1.3801654970415749,1.4344564484752407
415529274,41,4.024390243902439,0.041146341463414636,0.22512195121951217,0.7336829268292681,0.18899516413258258,0.0,36.0,38.0,1.5555722686558497,1.5860431075792256
417365081,1,5.0,0.1,0.264,0.636,0.35591557646908084,0.0,1.0,1.0,1.9234855539667923,1.9129759723919502
418940616,1,4.0,0.0,0.11,0.89,0.34590002612286,0.0,0.0,1.0,1.4776087432807652,1.4347741420155122
419098707,1,5.0,0.053,0.083,0.8640000000000001,0.36305919115160734,0.0,1.0,1.0,1.8678854636386486,1.9130084400946377
424262144,1,5.0,0.0,0.26,0.74,0.2575805140115087,0.0,0.0,1.0,1.711218417968738,1.9125290846970646
424988658,1,5.0,0.07,0.16399999999999998,0.7659999999999999,0.3712370844241661,0.0,1.0,1.0,2.005044705917137,1.9130456091310386
425411654,1,5.0,0.027000000000000003,0.21899999999999997,0.755,0.05213363129609322,0.0,1.0,1.0,1.9613979113688997,1.9115956925207511
427006620,1,3.0,0.156,0.0,0.8440000000000001,0.3509485712396939,0.0,1.0,1.0,0.8934870072914147,0.956631598618408
428537415,1,1.0,0.036000000000000004,0.078,0.8859999999999999,0.02301227383694248,0.0,1.0,1.0,0.015311686500231458,1.180348529118691e-05
431226028,1,5.0,0.012,0.127,0.861,0.255505073008686,0.0,0.0,1.0,2.0158503959999403,1.9125196536710862
434290063,1,2.0,0.14800000000000002,0.13699999999999998,0.7140000000000001,0.2265519138589177,0.0,1.0,1.0,0.5364294014602135,0.4782445765788632
442401590,27,4.222222222222222,0.03892592592592593,0.21922222222222226,0.7416296296296296,0.16440894486321064,0.0,16.0,25.0,1.6559043603615082,1.6345452405563143
443616292,1,5.0,0.032,0.287,0.6809999999999999,0.3767043575215209,0.0,1.0,1.0,1.8946673520262198,1.9130704585514984
443954263,138,4.246376811594203,0.044065217391304354,0.19909420289855068,0.7568550724637682,0.14554839987586776,0.0,127.0,134.0,2.0906016866375765,2.1356763566233563
446101805,1,4.0,0.0,0.0,1.0,0.10618622010727018,0.0,0.0,1.0,1.425365784160488,1.4339027643856104
446948297,1,5.0,0.0,0.177,0.823,0.32275193629631266,0.0,0.0,1.0,1.983558593609612,1.9128252495428677
448597958,1,3.0,0.015,0.086,0.899,0.03789135967553929,0.0,0.0,1.0,0.9262407481249724,0.9557781601200801
449460872,1,3.0,0.032,0.17300000000000001,0.795,0.21619574102224026,0.0,1.0,1.0,0.9317087789258758,0.9562641809718644
450868747,1,5.0,0.061,0.133,0.8059999999999999,0.03632033126121285,0.0,0.0,1.0,1.974972161338047,1.9115238641901153
452868388,1,5.0,0.0,0.257,0.743,0.3605618933400765,0.0,0.0,1.0,1.899542781596911,1.9129970898350628
453645026,44,4.7727272727272725,0.023,0.2778863636363636,0.6990909090909091,0.23484640791910347,0.0,35.0,38.0,2.048903960886443,1.9700384450833197
454221354,1,3.0,0.127,0.151,0.723,0.04030315421687964,0.0,0.0,1.0,0.9346844293262074,0.9557847330739624
454690299,1,5.0,0.079,0.10099999999999999,0.82,0.36698090127007,0.0,1.0,1.0,1.9032066002277417,1.9130262644402962
455746820,1,4.0,0.0,0.131,0.8690000000000001,0.05011921596811402,0.0,1.0,1.0,1.384858117917276,1.4336990139204717
457311252,1,5.0,0.0,0.157,0.843,0.04026830430061632,0.0,1.0,1.0,1.9075920126709542,1.9115417967604214
463004499,1,4.0,0.046,0.213,0.741,0.3706010656878973,0.0,1.0,1.0,1.3545489288729342,1.434863954712162
466064538,30,4.933333333333334,0.013933333333333334,0.5022666666666668,0.48380000000000006,0.0874361111668427,0.0,29.0,15.0,1.9651754311184135,1.9434861742832839
466871293,1,2.0,0.077,0.087,0.836,0.2533545701853579,0.0,0.0,1.0,0.4532313765426913,0.47829329269773796
467440813,1,4.0,0.06,0.168,0.772,0.050495844528445216,0.0,1.0,1.0,1.4758738566743097,1.4337003825361763
468944538,1,5.0,0.151,0.0,0.8490000000000001,0.2918506953806119,0.0,1.0,1.0,1.9582269301253288,1.9126848174479163
469845573,1,1.0,0.09,0.099,0.8109999999999999,0.33012387027787365,0.0,1.0,1.0,0.0,0.000290870649620259
470964259,1,1.0,0.161,0.0,0.8390000000000001,0.35924780353506125,0.0,0.0,1.0,0.04212110717582977,0.0003173435388194312
475989673,66,3.3484848484848486,0.06077272727272729,0.16565151515151513,0.7735303030303031,0.12738904306281187,0.0,58.0,64.0,1.443574607243804,1.3262059844188872
479230068,1,4.0,0.0,0.27699999999999997,0.723,0.3722500082358412,0.0,1.0,1.0,1.4388589171907984,1.4348699503985238
482900106,1,5.0,0.035,0.145,0.82,0.31462097043723025,0.0,0.0,1.0,1.85790742912352,1.9127882971989147
486589264,156,4.435897435897436,0.030621794871794873,0.2351410256410256,0.7343333333333336,0.07949166922345878,0.0,147.0,142.0,2.5409175020724444,2.293810803969175
486774008,363,4.225895316804408,0.0371763085399449,0.2419118457300277,0.7209090909090917,0.09622174672498773,12.0,298.0,331.0,2.964057197031492,3.3042109020335526
487881305,1,5.0,0.0,0.40700000000000003,0.593,0.0511014185541948,0.0,1.0,1.0,1.9084923767015396,1.9115910038624944
489993627,1,3.0,0.0,0.166,0.8340000000000001,0.05047157331753836,0.0,1.0,1.0,0.9730754757697699,0.955812445778283
490744420,1,5.0,0.031,0.127,0.8420000000000001,0.042319016239672255,0.0,0.0,1.0,1.9994263724808121,1.9115511116025794
493149210,1,5.0,0.12,0.14400000000000002,0.736,0.32726354824733506,0.0,0.0,1.0,1.9281630647021406,1.9128457534587455
494477332,1,3.0,0.0,0.255,0.745,0.040161362095306685,0.0,0.0,1.0,0.9418689348080065,0.9557843466417557
494548935,23,4.086956521739131,0.024956521739130436,0.20865217391304344,0.7665217391304348,0.1283262118067807,0.0,21.0,21.0,1.4944342829504809,1.5512429135964556
496666772,1,1.0,0.0,0.14,0.86,0.10584415993879606,0.0,0.0,1.0,0.01814028180348072,8.705538821082714e-05
496940864,30,3.6666666666666665,0.06366666666666666,0.17583333333333334,0.7605000000000001,0.21832606990012698,0.0,28.0,29.0,1.314817305671633,1.370790156247946
500481725,1,1.0,0.065,0.0,0.935,0.15043236608473592,0.0,1.0,1.0,0.02449150006802049,0.0001275682138403289
501835428,1,5.0,0.0,0.44799999999999995,0.552,0.05340968024095268,0.0,1.0,1.0,1.8675625671542262,1.9116014887779613
510858511,1,4.0,0.026000000000000002,0.113,0.86,0.37295076456127735,0.0,0.0,1.0,1.3503429363511614,1.4348724984099948
512601679,1,5.0,0.10300000000000001,0.23800000000000002,0.6579999999999999,0.2500662499062178,0.0,0.0,1.0,1.9928298001309765,1.9124949392534982
518540462,1,4.0,0.034,0.259,0.7070000000000001,0.3023203736481686,0.0,1.0,1.0,1.408349375531424,1.4346156971822817
531479992,160,4.275,0.03625,0.20485000000000003,0.7588812499999998,0.12065490583423388,0.0,147.0,150.0,2.099848900918435,2.2344232373953834
531585937,40,4.3,0.033174999999999996,0.3178,0.6490500000000001,0.09305917092893784,0.0,35.0,29.0,1.6997313745221985,1.6895847202081407
532147021,1,5.0,0.043,0.312,0.645,0.05200546956436538,0.0,1.0,1.0,1.911905487292644,1.9115951103664588
535977674,32,4.34375,0.03515625,0.20496875000000003,0.75984375,0.3059339244027241,0.0,30.0,32.0,1.6020164741608638,1.7250507326225084
536339521,1,1.0,0.0,0.096,0.904,0.03764026194625725,0.0,0.0,1.0,0.02763356594146324,2.5091998117135472e-05
538509336,1,5.0,0.0,0.28600000000000003,0.7140000000000001,0.3719524148974212,0.0,1.0,1.0,1.8342690315621621,1.913048860380262
548212381,1,5.0,0.129,0.19699999999999998,0.674,0.1979224827296348,0.0,1.0,1.0,2.0310635382835813,1.9122580070567528
551831526,1,5.0,0.018000000000000002,0.203,0.779,0.36373437083445936,0.0,0.0,1.0,1.9398935178883792,1.9130115088066408
551890196,1,5.0,0.14300000000000002,0.324,0.532,0.3628190408144486,0.0,1.0,1.0,1.8789989357440935,1.913007348605069
552282721,2,5.0,0.0,0.201,0.7989999999999999,0.2698390845166143,0.0,2.0,2.0,1.859345477515052,1.917133333591038
554679045,1,5.0,0.0,0.0,1.0,0.010018662142682336,0.0,1.0,1.0,1.8996706049762175,1.9114043996028536
555721051,1,5.0,0.0,0.42200000000000004,0.578,0.054671887402195786,0.0,1.0,1.0,1.9507488082686266,1.9116072221748184
556713834,1,5.0,0.017,0.16699999999999998,0.816,0.214279553667239,0.0,1.0,1.0,1.9052722260693955,1.9123323282102376
560158390,1,5.0,0.0,0.20800000000000002,0.792,0.03976914149108282,0.0,1.0,1.0,1.891785619813354,1.9115395294446542
560455235,79,4.025316455696203,0.046139240506329116,0.19754430379746832,0.7562911392405062,0.12258815182394214,0.0,66.0,77.0,1.6972422358955865,1.7451041987530982
561018952,1,3.0,0.11699999999999999,0.107,0.775,0.2475756585871253,0.0,1.0,1.0,0.9400866458185325,0.9563497331834309
563603034,1,4.0,0.023,0.142,0.835,0.2838417438021665,0.0,0.0,1.0,1.4134796997848478,1.4345485174192638
568981338,58,3.9827586206896552,0.041396551724137934,0.18287931034482757,0.7757241379310346,0.16885951876640576,0.0,53.0,55.0,1.4945526852572786,1.6316988441761144
569841544,68,3.823529411764706,0.05070588235294119,0.1950588235294117,0.7542647058823527,0.1287497360257852,0.0,65.0,66.0,1.6425414740898443,1.5899972456021996
571306825,1,3.0,0.067,0.1,0.8340000000000001,0.3724252125956599,0.0,1.0,1.0,0.9781617041601367,0.9566901656172921
576001332,1,3.0,0.099,0.079,0.8220000000000001,0.19341019952824884,0.0,1.0,1.0,0.9330472076984384,0.9562020631188186
577936136,1,4.0,0.046,0.129,0.825,0.2876320351218387,0.0,1.0,1.0,1.5466461413235417,1.4345622969754208
580704943,1,1.0,0.039,0.149,0.812,0.342329402987462,0.0,0.0,1.0,0.024163021602124288,0.00030196497936563205
580757298,1,4.0,0.0,0.155,0.845,0.30671895104543245,0.0,0.0,1.0,1.3752030642810293,1.434631688725765
582752797,30,4.466666666666667,0.034666666666666665,0.3469333333333333,0.6183666666666667,0.12746577120238467,0.0,28.0,23.0,1.8226259481312668,1.7482053538668951
587290006,1,4.0,0.0,0.28800000000000003,0.7120000000000001,0.3609123721903491,0.0,0.0,1.0,1.4553157607171978,1.4348287262310124
588984621,1,2.0,0.0,0.075,0.925,0.21898419918922932,0.0,1.0,1.0,0.5058422925544577,0.47823082205994427
588999286,29,3.0344827586206895,0.06917241379310343,0.14558620689655177,0.7852758620689654,0.23946139670524486,0.0,22.0,28.0,1.0201227839166713,1.049214660500467
589393916,1,5.0,0.040999999999999995,0.157,0.802,0.2837903971568191,0.0,0.0,1.0,1.9346387348942709,1.9126481884125104
589761344,1,5.0,0.037000000000000005,0.12300000000000001,0.84,0.3644038058164389,0.0,1.0,1.0,1.888658455299087,1.9130145514126928
591023894,32,4.625,0.024093749999999997,0.20012500000000003,0.7758125,0.28058513377842415,22.0,10.0,30.0,1.899478579643148,1.8586712668205774
591505715,1,5.0,0.0,0.08199999999999999,0.9179999999999999,0.023549027668701542,0.0,1.0,1.0,1.7763126986532636,1.9114658550148311
592774823,1,5.0,0.025,0.18600000000000003,0.789,0.3731400451414065,0.0,1.0,1.0,1.8766294769958278,1.9130542582893915
593915883,159,4.547169811320755,0.03128301886792452,0.28719496855345894,0.681559748427673,0.08236314163296442,0.0,129.0,136.0,2.41802941954076,2.3311294607778534
594290853,1,3.0,0.092,0.055999999999999994,0.851,0.018006027511675043,0.0,0.0,1.0,0.9307292890717572,0.9557239670290257
598593674,1,5.0,0.0,0.135,0.865,0.36820305081446797,0.0,1.0,1.0,1.8648115801102754,1.9130318191911004
600361628,1,5.0,0.048,0.23399999999999999,0.718,0.3780721032735074,0.0,1.0,1.0,1.8756476349979554,1.9130766751624995
614083399,148,4.263513513513513,0.02742567567567567,0.27196621621621614,0.7006013513513515,0.1626360022277339,0.0,134.0,121.0,2.0358863174998754,2.0822526247761566
619941271,44,3.840909090909091,0.03922727272727273,0.23918181818181816,0.7216363636363636,0.14507723089364763,0.0,42.0,37.0,1.3804993023172085,1.4880402873447516
620172607,1,5.0,0.092,0.27,0.638,0.3565402420574095,0.0,1.0,1.0,1.890843682376343,1.91297881147718
625733939,1,5.0,0.0,0.0,1.0,0.3270274364328861,0.0,1.0,1.0,1.9166862468566808,1.9128446803973855
627060282,1,4.0,0.016,0.125,0.8590000000000001,0.3507558502509848,0.0,1.0,1.0,1.433293787595967,1.4347917974033315
630355634,29,4.0,0.059482758620689656,0.2255862068965518,0.7149310344827585,0.27380652785857296,0.0,27.0,26.0,1.5216458787434939,1.527591439826884
633401385,1,4.0,0.055999999999999994,0.17300000000000001,0.7709999999999999,0.3632646278263079,0.0,1.0,1.0,1.4386911484401401,1.4348372790679353
635386699,61,3.9836065573770494,0.053360655737704925,0.148672131147541,0.7978196721311476,0.12318725558208847,15.0,41.0,60.0,1.6967954066184021,1.6521142054098732
636406130,1,2.0,0.0,0.0,1.0,0.19991299853907268,0.0,1.0,1.0,0.48926508365219357,0.47819616053268044
638170893,1,2.0,0.061,0.068,0.871,0.01311509598766988,0.0,1.0,1.0,0.47855131008745894,0.47785672549094665
638310681,1,5.0,0.08900000000000001,0.15,0.7609999999999999,0.01735910045606533,0.0,0.0,1.0,1.882934537103511,1.9114377399442997
641554153,1,4.0,0.0,0.0,1.0,0.1771408389721052,0.0,0.0,1.0,1.4656905538859133,1.4341606483654448
645929461,1,5.0,0.0,0.10099999999999999,0.899,0.3593287012262648,0.0,0.0,1.0,2.0043397525129385,1.9129914849765226
646064329,1,5.0,0.057,0.36700000000000005,0.5760000000000001,0.05351688994454151,0.0,1.0,1.0,1.8631265074998797,1.9116019757622869
646149518,24,4.75,0.029083333333333333,0.41125000000000006,0.5596249999999999,0.11180244654066428,0.0,24.0,15.0,1.8947358544634945,1.8536120377397522
646645113,1,5.0,0.059000000000000004,0.185,0.7559999999999999,0.04219203771194346,0.0,1.0,1.0,1.9310891960363263,1.9115505348335637
646926938,31,4.483870967741935,0.028322580645161292,0.28548387096774186,0.6860645161290322,0.17445290705918962,0.0,31.0,27.0,1.720550853578727,1.7740375227710832
647055491,1,5.0,0.05,0.19,0.76,0.27110167739634994,0.0,1.0,1.0,1.9085143323596383,1.9125905272210413
647562053,1,4.0,0.048,0.306,0.6459999999999999,0.25866618533273433,0.0,0.0,1.0,1.3518729776428433,1.4344569945146843
649073771,1,4.0,0.0,0.132,0.868,0.032079608906535335,0.0,1.0,1.0,1.338916478256706,1.4336334616497217
649717005,1,5.0,0.14400000000000002,0.263,0.594,0.04354085320181143,0.0,1.0,1.0,1.9331154023545851,1.9115566615063129
651825389,1,5.0,0.021,0.047,0.9329999999999999,0.17803294272767062,0.0,0.0,1.0,1.8757636279153953,1.9121676386384872
654816487,1,5.0,0.0,0.17,0.83,0.0534652798083797,0.0,1.0,1.0,1.921400890753194,1.9116017413308142
656168708,1,4.0,0.0,0.322,0.6779999999999999,0.04310396940175549,0.0,1.0,1.0,1.4352471142512573,1.433673521671139
664218299,29,4.103448275862069,0.06282758620689656,0.22782758620689658,0.7094137931034483,0.19609104161398427,0.0,23.0,26.0,1.508103162914878,1.579152414615428
664270594,1,2.0,0.040999999999999995,0.044000000000000004,0.915,0.3335130774829244,0.0,1.0,1.0,0.493352114929945,0.47843900244962817
664789302,1,5.0,0.0,0.226,0.774,0.3721608511595672,0.0,1.0,1.0,1.8215788365440049,1.9130498077449491
666385341,1,2.0,0.126,0.109,0.7659999999999999,0.10266928998789347,0.0,0.0,1.0,0.5329175900794932,0.4780194415680098
668106687,22,4.5,0.024590909090909094,0.158,0.7720909090909089,0.14489840157693842,0.0,14.0,21.0,1.6373386462057335,1.7563813112009146
670161917,228,4.307017543859649,0.03785526315789474,0.21487280701754377,0.7472850877192987,0.1408040132931312,0.0,211.0,213.0,2.540207784310347,2.602521264976325
673409079,1,4.0,0.0,0.11199999999999999,0.888,0.3485947937689555,0.0,1.0,1.0,1.3782830325529316,1.4347839399548303
674050102,1,5.0,0.0,0.256,0.7440000000000001,0.3679125757355004,0.0,1.0,1.0,1.9477029987398633,1.9130304989614162
676407800,103,3.8446601941747574,0.05190291262135923,0.2031553398058252,0.744941747572816,0.08088313363026148,0.0,79.0,93.0,1.627081601600016,1.7107355261223691
676584390,1,5.0,0.0,0.14400000000000002,0.856,0.3667809488110264,0.0,1.0,1.0,1.870726148836197,1.9130253556443257
685652978,195,3.533333333333333,0.04737948717948718,0.1858666666666667,0.7616256410256413,0.14019406064516368,0.0,159.0,176.0,1.847297280340573,1.8775435921991912
694290590,424,4.09433962264151,0.042865566037735836,0.22446462264150938,0.7326650943396236,0.10849029293231374,0.0,360.0,386.0,3.3320832577667354,3.5904360093490744
696077625,1,3.0,0.129,0.0,0.871,0.291891066581582,0.0,1.0,1.0,0.9875061985706832,0.9564705605864909
700795512,1,2.0,0.0,0.0,1.0,0.16891052104615245,0.0,1.0,1.0,0.4673123828086059,0.478139816829179
702225067,1,3.0,0.136,0.244,0.621,0.2728886871272821,0.0,1.0,1.0,0.9071539840734361,0.9564187487335143
709507342,1,5.0,0.0,0.37200000000000005,0.628,0.3724082780510402,0.0,1.0,1.0,1.9146554289624178,1.9130509323266272
711329162,43,3.9302325581395348,0.06409302325581394,0.183046511627907,0.752860465116279,0.13050300611791246,0.0,38.0,39.0,1.5172890868791924,1.5413654507166077
714036056,1,1.0,0.0,0.094,0.9059999999999999,0.028384802450146383,0.0,1.0,1.0,0.03274720278236033,1.6684012044757002e-05
717388584,2,4.5,0.0335,0.21350000000000002,0.7535000000000001,0.04683717288173937,0.0,1.0,2.0,1.6665920366559144,1.6767213153303475
723208643,1,5.0,0.0,0.19399999999999998,0.8059999999999999,0.0403116269994537,0.0,1.0,1.0,1.921599484517974,1.911541993542487
724967502,1,5.0,0.040999999999999995,0.18,0.78,0.053746953492655,0.0,1.0,1.0,1.7951722327072752,1.9116030207924832
725891608,1,3.0,0.0,0.051,0.9490000000000001,0.014179473644377381,0.0,1.0,1.0,1.0477730857467806,0.9557135388346821
726227850,22,3.909090909090909,0.025136363636363637,0.27977272727272723,0.6950454545454545,0.2830872513349225,0.0,21.0,20.0,1.4543032731369658,1.459820160515268
727126777,1,5.0,0.048,0.11900000000000001,0.833,0.055049857461387915,0.0,1.0,1.0,1.9568561713503665,1.9116089390528355
731174695,1,2.0,0.043,0.077,0.879,0.031959947007769364,0.0,1.0,1.0,0.47130475250821097,0.47789096346472987
732252283,587,4.2248722316865415,0.032614991482112436,0.24708177172061335,0.7203032367972747,0.09116646257487934,19.0,515.0,526.0,5.0,5.000000000000001
734632472,41,3.5609756097560976,0.056170731707317074,0.19760975609756093,0.7462682926829268,0.11886368372977171,0.0,39.0,37.0,1.2842075140980018,1.3446711926131472
734829956,1,5.0,0.025,0.068,0.907,0.38363885667660796,0.0,1.0,1.0,1.9392154479500547,1.913101977064183
741916038,1,5.0,0.406,0.0,0.594,0.05196940638811659,0.0,1.0,1.0,1.8820661026875143,1.9115949465552395
745579121,1,1.0,0.044000000000000004,0.051,0.9059999999999999,0.3348568776305237,0.0,1.0,1.0,0.024227989791116566,0.00029517272905836556
748065701,99,4.02020202020202,0.06797979797979799,0.2627878787878787,0.6692424242424242,0.11830997313931127,0.0,92.0,81.0,1.8449249495243216,1.75920782596071
748105550,1,5.0,0.006999999999999999,0.131,0.862,0.31587073742569083,0.0,1.0,1.0,1.8216170166013708,1.9127939769076188
748173427,1,5.0,0.0,0.344,0.6559999999999999,0.049973180943123634,0.0,1.0,1.0,1.8592246790229447,1.911585879037434
750128718,1,1.0,0.026000000000000002,0.0,0.9740000000000001,0.01311509598766988,0.0,1.0,1.0,0.030319466261715597,2.81279511668564e-06
756103210,1,4.0,0.065,0.207,0.728,0.3766254294992946,0.0,1.0,1.0,1.5586130702147925,1.4348858598696266
758018558,1,5.0,0.046,0.29,0.664,0.3708983644776503,0.0,1.0,1.0,1.8973404903026854,1.9130440696162256
758099411,535,4.297196261682243,0.04093831775700934,0.24697383177570087,0.712072897196262,0.12852696208995432,0.0,506.0,470.0,4.8550741521338425,4.531475997899744
759031250,1,4.0,0.10800000000000001,0.174,0.7190000000000001,0.02415200084975888,0.0,1.0,1.0,1.4302239135456276,1.433604655042038
760262469,1,5.0,0.0,0.195,0.805,0.3510985275690468,0.0,1.0,1.0,2.0483123793709366,1.9129540791711597
760276721,1,5.0,0.0,0.282,0.718,0.044092559886818455,0.0,0.0,1.0,1.7826782953716067,1.9115591675069066
761176783,37,4.243243243243243,0.031756756756756765,0.1971891891891892,0.7710540540540541,0.07206190087354182,0.0,35.0,36.0,1.6881687284841342,1.6895412930763882
761384135,3,4.666666666666667,0.030333333333333334,0.168,0.8016666666666667,0.15268617801252535,0.0,3.0,3.0,1.653410467484448,1.7612223755887235
764483655,1,5.0,0.075,0.043,0.882,0.014924335126164241,0.0,1.0,1.0,1.7365445312021823,1.9114266811651792
766423220,1,5.0,0.0,0.31,0.69,0.043950116552206216,0.0,0.0,1.0,1.9237296747105013,1.9115585204906027
768031347,1,5.0,0.0,0.326,0.674,0.04967256898180002,0.0,1.0,1.0,1.9169442598862,1.9115845135612208
768062995,46,4.5,0.03121739130434783,0.2263260869565217,0.7423913043478259,0.23235503984481912,13.0,25.0,42.0,1.8043485265259265,1.847765044801095
770573199,1,4.0,0.0,0.237,0.763,0.04799225900455362,0.0,1.0,1.0,1.4302676935032603,1.4336912848736518
772722324,1,1.0,0.106,0.17300000000000001,0.722,0.24331973591824485,0.0,0.0,1.0,0.06870886224440771,0.00021197666865348241
772841097,39,4.17948717948718,0.040923076923076916,0.27705128205128216,0.6564102564102564,0.11912900052643903,0.0,38.0,30.0,1.6456693260108657,1.6329528867596248
775846854,1,5.0,0.03,0.135,0.835,0.3538833609840727,0.0,1.0,1.0,1.9433751280848288,1.9129667360605365
776841961,1,5.0,0.0,0.128,0.872,0.3337119148648715,0.0,0.0,1.0,1.8573369967975795,1.9128750596458655
780001539,1,5.0,0.0,0.0,1.0,0.3270274364328861,0.0,1.0,1.0,1.9280145437729188,1.9128446803973855
783135883,1,1.0,0.075,0.11,0.815,0.36027679728081324,0.0,0.0,1.0,0.019588016409319703,0.00031827889387277264
783438686,1,1.0,0.095,0.08,0.825,0.28496758795485183,0.0,1.0,1.0,0.018052731974254124,0.00024982767473417933
784306314,1,2.0,0.0,0.091,0.909,0.3514132127450823,0.0,1.0,1.0,0.5474391402058625,0.4784715438162746
787878458,1,5.0,0.0,0.121,0.879,0.20347088895675355,0.0,1.0,1.0,1.9916927011650603,1.9122832169317905
791081896,23,4.260869565217392,0.034,0.22452173913043474,0.7414347826086957,0.1253921717632459,0.0,15.0,22.0,1.6208339306719783,1.6416007943314062
792394870,1,5.0,0.0,0.326,0.674,0.05223768812670576,0.0,1.0,1.0,1.7498406791811238,1.9115961651824662
792544567,1,4.0,0.0,0.247,0.753,0.3591277479028731,0.0,0.0,1.0,1.4124862856952687,1.434822237335738
794852894,23,3.739130434782609,0.04939130434782609,0.15082608695652175,0.7996956521739129,0.11934931655069128,0.0,16.0,23.0,1.5165274775494706,1.385593753093585
799822334,1,5.0,0.0,0.35100000000000003,0.649,0.04428624467082564,0.0,0.0,1.0,1.8864645281662806,1.9115600472760674
800605083,1,5.0,0.054000000000000006,0.18899999999999997,0.7559999999999999,0.05192932572834857,0.0,1.0,1.0,1.9862871918347746,1.911594764495256
801741616,1,5.0,0.0,0.268,0.732,0.038392710560884766,0.0,1.0,1.0,2.0111396798691406,1.9115332773803448
803289841,1,5.0,0.065,0.11699999999999999,0.818,0.018366140307464043,0.0,0.0,1.0,1.9181533106735418,1.9114423139652856
805407843,97,3.6288659793814433,0.06712371134020619,0.17667010309278347,0.7561752577319587,0.1681404727923381,0.0,79.0,90.0,1.4809201342030385,1.5764872095760305
806605103,1,5.0,0.037000000000000005,0.067,0.8959999999999999,0.03345441180413521,0.0,0.0,1.0,1.7371235045078772,1.9115108466317907
808840479,1,5.0,0.016,0.146,0.838,0.33592767925339706,0.0,1.0,1.0,1.9558883030357612,1.9128851298147
813906175,1,3.0,0.125,0.038,0.8370000000000001,0.2719651598379061,0.0,1.0,1.0,0.9313383831967986,0.9564162306933919
814216548,108,4.277777777777778,0.042324074074074076,0.267787037037037,0.689888888888889,0.06825558937262938,0.0,100.0,90.0,1.9901275019317328,1.9433830540415344
815035474,61,4.131147540983607,0.04255737704918032,0.1697540983606557,0.7875737704918035,0.2400735418468977,0.0,46.0,61.0,1.591142888265356,1.735696633239874
815456780,1,3.0,0.018000000000000002,0.16699999999999998,0.816,0.049395818468101635,0.0,1.0,1.0,0.9542493631509169,0.955809513922955
817153670,1,5.0,0.165,0.251,0.585,0.041763916233797514,0.0,1.0,1.0,1.9094545029956669,1.911548590197116
819146930,1,5.0,0.057999999999999996,0.226,0.7170000000000001,0.053735062342557836,0.0,1.0,1.0,1.9261172631650127,1.9116029667786534
822544154,1,5.0,0.0,0.175,0.825,0.05128666461907922,0.0,1.0,1.0,1.8296428953877486,1.9115918453118947
826713345,1,5.0,0.0,0.251,0.7490000000000001,0.0555093533818999,0.0,1.0,1.0,1.9931362959562509,1.9116110262527433
828468145,22,4.2727272727272725,0.031909090909090915,0.26631818181818184,0.7018636363636362,0.2868156408932863,0.0,20.0,18.0,1.6005312002794945,1.6320465555809172
833461643,84,4.511904761904762,0.037738095238095244,0.2908809523809523,0.6713690476190475,0.13215808444542748,0.0,71.0,73.0,1.8561555352663486,1.9949896456371838
834518797,1,5.0,0.0,0.14,0.86,0.3593550683412919,0.0,0.0,1.0,1.894995234543225,1.9129916048149311
839907368,1,3.0,0.155,0.05,0.7959999999999999,0.3620541590401021,0.0,0.0,1.0,0.9642558195928783,0.9566618833601365
840255931,1,5.0,0.01,0.091,0.899,0.29633717050831826,0.0,1.0,1.0,1.9184405159617697,1.9127052059263034
843035023,60,3.8333333333333335,0.04653333333333333,0.16223333333333337,0.7912666666666666,0.16828571279207488,0.0,54.0,59.0,1.629239678881361,1.5680484887378288
847186574,1,1.0,0.21100000000000002,0.073,0.716,0.05157216543229301,0.0,1.0,1.0,0.020487623721178252,3.774850990401202e-05
850419088,1,4.0,0.0,0.146,0.8540000000000001,0.032079608906535335,0.0,1.0,1.0,1.429511746652642,1.4336334616497217
851332118,1,2.0,0.0,0.22899999999999998,0.7709999999999999,0.36860504362174573,0.0,1.0,1.0,0.4639759895760672,0.47850279857073746
852754285,1,4.0,0.06,0.064,0.8759999999999999,0.3583072174696549,0.0,1.0,1.0,1.4831925651908757,1.4348192538938425
853680399,1,5.0,0.07,0.254,0.675,0.20642714067917445,0.0,1.0,1.0,1.9201243352736168,1.9122966491384292
855518320,1,2.0,0.125,0.043,0.831,0.3500378357781417,0.0,0.0,1.0,0.48109913451437425,0.4784690434246023
855646875,1,4.0,0.055999999999999994,0.308,0.636,0.2811822147964254,0.0,0.0,1.0,1.3283371178449404,1.4345388487944728
856753131,1,5.0,0.044000000000000004,0.146,0.81,0.41001809829237695,0.0,1.0,1.0,2.0113218194064904,1.913221879132165
862140913,28,3.642857142857143,0.07167857142857141,0.16232142857142864,0.7659285714285714,0.22189515442902796,0.0,23.0,28.0,1.2756181252116914,1.3553102968319495
862918620,1,5.0,0.009000000000000001,0.23,0.7609999999999999,0.20430409299758207,0.0,0.0,1.0,1.861356042736211,1.9122870027211332
868768702,138,3.739130434782609,0.054427536231884066,0.18295652173913043,0.7626304347826087,0.10768246982993536,0.0,114.0,131.0,1.7518238877792978,1.810228386415793
869039873,1,3.0,0.036000000000000004,0.057,0.907,0.06966767362302921,0.0,1.0,1.0,0.9156409031965701,0.9558647637143172
870644640,1,5.0,0.0,0.149,0.851,0.043515439863420304,0.0,1.0,1.0,1.803925180084303,1.911556546072137
872781320,1,5.0,0.087,0.08199999999999999,0.831,0.34713962817671057,0.0,1.0,1.0,1.7617532156380191,1.9129360863425002
876155802,1,2.0,0.057,0.042,0.9009999999999999,0.1254468065335086,0.0,1.0,1.0,0.5152188306689567,0.4780608317443067
879595013,1,5.0,0.0,0.316,0.684,0.3689371592661771,0.0,1.0,1.0,1.8688829333542945,1.913035155768947
887175625,1,5.0,0.0,0.245,0.755,0.37118861814418463,0.0,1.0,1.0,2.1231509747467436,1.9130453888470624
888313825,59,3.8983050847457625,0.03891525423728814,0.26413559322033897,0.6969491525423732,0.23048314982323026,0.0,58.0,49.0,1.535109286019184,1.5637879306923144
889072181,1,5.0,0.046,0.205,0.7490000000000001,0.3605130373341377,0.0,0.0,1.0,1.8386042169527128,1.912996867784251
889435551,2,3.5,0.0455,0.11,0.8444999999999999,0.26126901021354715,0.0,1.0,2.0,1.1731360443961105,1.1986106908702057
897437023,85,4.094117647058823,0.03011764705882353,0.27268235294117643,0.6972235294117648,0.10344426521074898,0.0,78.0,71.0,1.7958530208935892,1.757375966309564
898604793,2,3.0,0.036000000000000004,0.0825,0.8815,0.1090573843339795,0.0,2.0,2.0,0.9482699797209787,0.9587004165323937
898966779,1,1.0,0.132,0.0,0.868,0.05139127347797582,0.0,1.0,1.0,0.03254427785013031,3.758417549855342e-05
899560091,1,5.0,0.025,0.25,0.725,0.3700526190755515,0.0,1.0,1.0,1.8389666009883034,1.9130402256261625
901616158,1,5.0,0.0,0.298,0.7020000000000001,0.3678907691154806,0.0,1.0,1.0,1.8114954524219513,1.913030399848822
902572429,26,4.576923076923077,0.02119230769230769,0.31773076923076926,0.6610384615384615,0.1178996124344207,0.0,24.0,22.0,1.6845734423018976,1.7987804582609774
907733840,1,5.0,0.0,0.212,0.7879999999999999,0.3672536343002492,0.0,1.0,1.0,1.7551615590505687,1.9130275040289033
912644685,1,1.0,0.136,0.317,0.547,0.2747649110408624,0.0,0.0,1.0,0.015687389446155525,0.00024055485249835362
917687440,1,5.0,0.024,0.185,0.7909999999999999,0.04959529103322865,0.0,1.0,1.0,1.8859117957641625,1.9115841625400498
918034537,82,4.2926829268292686,0.04054878048780488,0.27212195121951216,0.675109756097561,0.13449519112039043,0.0,75.0,66.0,1.8309007450443857,1.8437510859460924
918913792,1,5.0,0.122,0.304,0.573,0.05214163821087765,0.0,1.0,1.0,1.996542281892446,1.9115957288908934
919537561,1,5.0,0.044000000000000004,0.18600000000000003,0.77,0.3633182767602157,0.0,0.0,1.0,1.9908458863827152,1.91300961764607
919751065,170,3.5470588235294116,0.04543529411764705,0.24380588235294107,0.710735294117647,0.12647160332614243,0.0,98.0,144.0,1.5356441785517019,1.7470828472780067
921539318,1,3.0,0.057,0.185,0.758,0.3592206699923802,0.0,0.0,1.0,0.8889346016974031,0.956654156424809
923182885,1,5.0,0.0,0.168,0.8320000000000001,0.03839232083492741,0.0,0.0,1.0,1.8630583592536907,1.9115332756101222
929605007,1,1.0,0.0,0.149,0.851,0.037297938286968785,0.0,0.0,1.0,0.014554009491836717,2.4781016588343308e-05
931142235,1,4.0,0.0,0.145,0.855,0.028875975376621094,0.0,1.0,1.0,1.3994948225113042,1.4336218205307394
931414553,1,4.0,0.061,0.08800000000000001,0.852,0.02444546149004504,0.0,0.0,1.0,1.39379763738438,1.4336057213843865
932955324,25,3.16,0.06264000000000002,0.15152,0.7858399999999999,0.26747437480196984,0.0,23.0,23.0,1.0732512896947177,1.0974199922518981
934270366,1,5.0,0.063,0.094,0.843,0.2803740353698968,0.0,1.0,1.0,1.8799312689170073,1.9126326633452848
938889563,1,5.0,0.0,0.032,0.968,0.020020993866072097,0.0,1.0,1.0,1.8626138995916994,1.9114498304047254
940279636,1,1.0,0.075,0.09699999999999999,0.828,0.1214677816526601,0.0,0.0,1.0,0.025880787719261694,0.0001012506136107566
943337655,21,4.476190476190476,0.02095238095238095,0.2937619047619048,0.6852857142857143,0.148073821257471,0.0,19.0,17.0,1.7563964004413282,1.7277381521722392
944923316,1,5.0,0.033,0.193,0.775,0.3617390260298688,0.0,0.0,1.0,1.8393452794170062,1.9130024399157606
945323010,32,4.75,0.018031250000000002,0.35796875,0.6239999999999998,0.07738725427300001,0.0,28.0,24.0,1.9967824674483692,1.8936890951309173
947427401,1,5.0,0.027999999999999997,0.26899999999999996,0.703,0.3719214141511531,0.0,0.0,1.0,1.8345888850360792,1.9130487194786485
952479349,1,5.0,0.0,0.503,0.49700000000000005,0.052613330850682136,0.0,1.0,0.0,1.795547732433878,1.9070598405271761
953606034,1,5.0,0.035,0.20199999999999999,0.763,0.052417626304386976,0.0,1.0,1.0,1.9341175220259292,1.9115969825234338
953767917,1,2.0,0.024,0.128,0.8490000000000001,0.23700782347909174,0.0,1.0,1.0,0.47181961139757916,0.4782635807930504
955015830,55,2.690909090909091,0.0733090909090909,0.15641818181818185,0.7702727272727272,0.06690410993702678,0.0,30.0,51.0,0.9035799117371135,0.9363732156200713
958001477,1,4.0,0.006999999999999999,0.107,0.8859999999999999,0.3775865387941002,0.0,1.0,1.0,1.3052368692445062,1.4348893545772654
958588962,1,3.0,0.023,0.239,0.738,0.36508467509752174,0.0,0.0,1.0,1.0229411115426466,0.9566701476349257
959716491,1,1.0,0.0,0.099,0.9009999999999999,0.02633395425728531,0.0,1.0,1.0,0.033407673093208134,1.482096918442588e-05
959834931,33,4.666666666666667,0.024242424242424242,0.31527272727272726,0.6605454545454545,0.13001537129997726,0.0,33.0,27.0,1.7831404100255357,1.8656431587351332
963019694,48,4.0625,0.041145833333333326,0.16779166666666667,0.7910624999999999,0.16882444356051562,0.0,22.0,47.0,1.4560728958790379,1.6414585488868085
963066492,116,4.060344827586207,0.040301724137931025,0.21796551724137928,0.7417672413793103,0.17518690753390379,0.0,107.0,106.0,2.0043684163706668,1.891772036399533
965210341,3,4.666666666666667,0.05266666666666666,0.2836666666666667,0.6633333333333333,0.1606846881412856,0.0,3.0,3.0,1.7101279687253803,1.7612564213595583
966967403,1,4.0,0.08,0.109,0.8109999999999999,0.023361057529580537,0.0,0.0,1.0,1.386276862862257,1.4336017810092971
969480380,1,5.0,0.027000000000000003,0.42,0.5539999999999999,0.04543185163645358,0.0,0.0,1.0,1.7482422609064294,1.9115652509422598
970407571,1,1.0,0.109,0.042,0.8490000000000001,0.301749058437616,0.0,0.0,1.0,0.01801531969785282,0.0002650801016418347
971837784,1,4.0,0.0,0.387,0.613,0.04859535140769046,0.0,1.0,1.0,1.4234360811213533,1.433693476419014
972149594,1,5.0,0.0,0.098,0.902,0.033915537760977804,0.0,0.0,1.0,1.9536480251434798,1.91151294114994
974237252,28,4.571428571428571,0.017035714285714286,0.3359642857142857,0.6470357142857142,0.11950093375176345,0.0,26.0,21.0,1.7157457808648113,1.7917357380199417
977457747,24,4.791666666666667,0.024375000000000004,0.24437499999999998,0.7312500000000001,0.20655574139528188,0.0,22.0,21.0,1.794856334007908,1.9014715368755053
977864861,1,5.0,0.0,0.204,0.7959999999999999,0.3081185601504976,0.0,0.0,1.0,1.934672095508023,1.9127587464710463
981727854,39,3.358974358974359,0.05892307692307691,0.15771794871794872,0.7833589743589743,0.10321698789791069,0.0,29.0,36.0,1.2706909736311944,1.2379700883493208
983445543,231,4.285714285714286,0.026735930735930738,0.2508658008658008,0.7224285714285722,0.12952664081924298,0.0,207.0,206.0,2.3839972351105443,2.546702749540021
983606538,1,5.0,0.0,0.257,0.743,0.3738639495857234,0.0,1.0,1.0,1.9847033839915436,1.9130575485201082
986625025,1,4.0,0.03,0.125,0.845,0.36399531590676143,0.0,0.0,1.0,1.4348527222865228,1.434839935868587
987021536,21,3.9523809523809526,0.02261904761904762,0.2892857142857143,0.6882380952380952,0.15667639435919015,0.0,19.0,17.0,1.541715555111223,1.4696691307664913
989462119,1,5.0,0.07200000000000001,0.174,0.754,0.33319742951345704,0.0,1.0,1.0,1.9021180962290418,1.9128727214275363
992735618,1,5.0,0.0,0.451,0.5489999999999999,0.2124841503011637,0.0,1.0,1.0,1.735515908975358,1.9123241703746117
994490028,1,1.0,0.068,0.133,0.7979999999999999,0.02597327540708524,0.0,0.0,1.0,0.020797101236101345,1.4493320059164039e-05
995991159,1,4.0,0.078,0.406,0.516,0.12899277774883833,0.0,1.0,1.0,1.4971161981491128,1.4339856508387292
999436586,1,4.0,0.111,0.155,0.733,0.36968196764905453,0.0,1.0,1.0,1.38643420876837,1.4348606128066888
